lambda_theo;lambda_obs;y_obs;delta;curvature;slope;velocity_ms
3953,1514;3953,1549;0,3162;0,0035;3149936853;471,8492;247,7761
3955,3413;3955,3356;0,3412;-0,0057;2835581368;-945,9924;-447,8804
3955,9555;3955,9564;0,3683;0,0009;3147971313;987,0154;50,4391
3957,0184;3957,0462;0,1559;0,0278;1888270506;-842,0067;2089,7809
3963,1005;3963,1063;0,3837;0,0058;1113290080;402,9440;422,9274
3995,9835;3995,9819;0,2150;-0,0016;3234566495;-317,2832;-139,8155
4006,3108;4006,3100;0,2288;-0,0008;3851715815;-69,3009;-79,1275
4006,6242;4006,6227;0,2167;-0,0015;2947755144;853,9862;-129,6885
4011,4075;4011,4068;0,2233;-0,0007;3900370951;386,2950;-70,1022
4030,1849;4030,1869;0,1340;0,0020;1896189716;921,6018;132,2708
4031,9607;4031,9582;0,1979;-0,0025;3089543032;-345,5406;-204,4547
4040,6381;4040,6383;0,2064;0,0002;3670933184;860,6366;0,8720
4059,7135;4059,7201;0,2386;0,0066;2646381217;527,6941;471,7626
4066,5852;4066,5852;0,1805;0,0000;3305823507;107,7263;-13,8017
4070,7707;4070,7656;0,1200;-0,0051;1498075202;-448,1411;-388,6134
4073,7623;4073,7598;0,1548;-0,0025;2765788840;-832,1029;-198,8852
4076,6291;4076,6294;0,1079;0,0003;1200192301;-845,9644;4,8247
4080,2092;4080,2104;0,1816;0,0012;3049054806;328,3337;74,4798
4084,4915;4084,4914;0,1336;-0,0001;2450639978;122,8395;-20,4962
4085,0041;4085,0049;0,1416;0,0008;2772348883;685,4163;38,9156
4085,3031;4085,2895;0,1137;-0,0136;975881785;0,8879;-1017,1212
4087,0939;4087,1032;0,1805;0,0093;2454718010;381,7529;665,6966
4089,2169;4089,2120;0,2091;-0,0049;4357779799;-816,3482;-373,2296
4098,1758;4098,1711;0,1165;-0,0047;928233229;519,0064;-363,3336
4106,4229;4106,4182;0,2177;-0,0047;3913743100;-627,2301;-363,3734
4109,0561;4109,0554;0,1455;-0,0007;2005319211;-954,1082;-69,3781
4122,5155;4122,5138;0,1494;-0,0017;3988224039;469,6629;-142,7561
4125,8804;4125,8816;0,1896;0,0012;3446588643;-10,1724;69,3993
4127,7843;4127,7931;0,1502;0,0088;1394243784;-389,0770;619,6634
4146,0642;4146,0622;0,1977;-0,0020;2009916272;66,6220;-162,8086
4154,4987;4154,5011;0,1155;0,0024;1408887817;807,2770;152,9582
4154,8055;4154,8187;0,1207;0,0132;1067464633;243,3381;935,4673
4156,7988;4156,7992;0,1113;0,0004;1416098907;-886,5824;8,8054
4181,7547;4181,7575;0,0897;0,0028;723415199;877,1716;183,4817
4182,3826;4182,3798;0,1519;-0,0028;2707602083;-911,3374;-220,4399
4195,6179;4195,6182;0,1644;0,0003;1958076910;-262,7473;2,4087
4196,2083;4196,2059;0,1368;-0,0024;2619680075;-125,5658;-189,9149
4202,753;4202,7505;0,2226;-0,0025;3035735091;268,9211;-194,5927
4207,1271;4207,1259;0,1334;-0,0012;3012307310;-325,5810;-105,0171
4238,81;4238,8077;0,0933;-0,0023;1362169734;-286,1989;-181,6688
4242,7294;4242,7261;0,1548;-0,0033;2748695760;342,0378;-250,9131
4266,9645;4266,9646;0,1482;0,0001;3326013385;-443,0578;-9,8248
4267,8265;4267,8275;0,1436;0,0010;2263310370;58,3850;52,0380
4285,442;4285,4499;0,1491;0,0079;1752877297;-940,6082;535,2388
4302,1858;4302,1851;0,1635;-0,0007;1687019466;-451,6913;-62,3088
4309,0307;4309,0415;0,1629;0,0108;1090280189;294,3645;735,5606
4326,7533;4326,7563;0,1833;0,0030;2201073622;482,3767;193,7056
4327,9034;4327,9110;0,2112;0,0076;2733698429;63,8516;508,2925
4388,4068;4388,4059;0,2003;-0,0009;3956120046;363,4637;-79,6828
4401,2899;4401,2930;0,2062;0,0031;3480022761;993,7953;195,7273
4430,1891;4430,1890;0,1976;-0,0001;3052617620;-71,7833;-26,6901
4432,5678;4432,5760;0,2508;0,0082;4697603687;261,7052;535,6545
4433,2187;4433,2329;0,1599;0,0142;2118265351;272,2891;946,5489
4442,8316;4442,8284;0,1251;-0,0032;3402783684;71,3045;-229,7741
4445,4715;4445,4728;0,0386;0,0013;1929351642;935,0041;72,6935
4447,1304;4447,1308;0,1221;0,0004;2951391132;577,1809;13,1035
4450,3156;4450,3062;0,2010;-0,0094;3389657632;-382,4646;-653,2210
4454,381;4454,3831;0,1207;0,0021;2282550779;394,8048;124,4911
4458,0802;4458,0810;0,2579;0,0008;4324391726;693,0502;34,9080
4469,3756;4469,3744;0,1470;-0,0012;2701098136;-350,9610;-99,5284
4481,6093;4481,6000;0,2624;-0,0093;4427260102;-38,7776;-639,8172
4484,2198;4484,2193;0,1742;-0,0005;3913215508;61,0973;-51,0099
4485,6756;4485,6755;0,2304;-0,0001;4835532919;15,6217;-23,7009
4490,084;4490,0789;0,1582;-0,0051;3040841774;293,5200;-354,1708
4502,5909;4502,5861;0,4185;-0,0048;5983304827;-40,0071;-338,1167
4514,1839;4514,1837;0,2269;-0,0002;4600124834;326,1877;-33,2124
4547,8474;4547,8357;0,1700;-0,0117;2715564235;-800,1989;-786,5725
4556,1259;4556,1334;0,1433;0,0075;1753423471;-861,6947;473,7539
4587,1276;4587,1233;0,2886;-0,0043;4640999483;-257,8524;-295,8215
4598,1171;4598,1240;0,1718;0,0069;3421445815;859,9563;430,9590
4599,8425;4599,8320;0,3379;-0,0105;5028115016;-660,9629;-700,2283
4602,001;4602,0015;0,0978;0,0005;2400010072;692,1180;13,2221
4618,7577;4618,7690;0,1906;0,0113;3093773530;864,8561;716,7829
4619,288;4619,2903;0,1852;0,0023;4011008287;444,2013;131,1410
4625,0453;4625,0455;0,1505;0,0002;3829610193;-203,1363;-5,8752
4635,8462;4635,8442;0,2318;-0,0020;5355247262;17,8478;-144,3218
4637,5034;4637,5031;0,1657;-0,0003;3803820211;330,6825;-34,1729
4643,4634;4643,4624;0,2307;-0,0010;4049276778;149,8941;-81,5738
4661,9703;4661,9746;0,2387;0,0043;3107538926;695,1756;262,5306
4678,8458;4678,8465;0,1907;0,0007;3858981141;271,5549;25,2622
4680,2948;4680,2946;0,1444;-0,0002;4343783066;303,3290;-29,5630
4683,5597;4683,5552;0,2435;-0,0045;4966197970;-393,6944;-304,4388
4704,9481;4704,9484;0,2854;0,0003;4706401305;507,4978;0,0273
4707,2745;4707,2762;0,1407;0,0017;3135818800;408,4766;93,0252
4707,4877;4707,4809;0,1988;-0,0068;3163068539;-744,2017;-451,5656
4721,0006;4720,9906;0,2770;-0,0100;3865267795;-21,4092;-653,6172
4728,5457;4728,5411;0,2125;-0,0046;3075448605;-964,5787;-308,3288
4729,0192;4729,0142;0,4118;-0,0050;4708743614;297,2151;-333,3280
4735,8439;4735,8408;0,3252;-0,0031;5110419943;60,5088;-215,0694
4736,7734;4736,7769;0,1147;0,0035;2185466638;216,1464;204,6017
4741,5297;4741,5290;0,1892;-0,0007;4165504275;342,0542;-57,8455
4786,807;4786,8089;0,2018;0,0019;3254752392;963,6319;101,4091
4787,8269;4787,8232;0,3295;-0,0037;4421172257;114,6716;-248,2378
4791,2462;4791,2437;0,3614;-0,0025;4106486986;-544,1735;-172,0510
4798,2649;4798,2644;0,4359;-0,0005;4742341396;349,5756;-48,1993
4799,4061;4799,4077;0,3381;0,0016;4994433740;-271,0933;84,1576
4802,8797;4802,8788;0,3157;-0,0009;5697409230;264,6630;-70,1348
4807,7088;4807,7050;0,3245;-0,0038;4858893165;-221,5348;-255,3493
4832,7276;4832,7129;0,3156;-0,0147;4067024264;-225,7716;-930,8792
4838,5118;4838,5100;0,2917;-0,0018;4439705932;465,8699;-128,7721
4839,5445;4839,5414;0,2601;-0,0031;3426812161;-88,0861;-209,2441
4843,1438;4843,1484;0,2121;0,0046;3155900196;-111,5562;268,8287
4845,6482;4845,6460;0,3571;-0,0022;5103215575;-109,7205;-150,1541
4855,6732;4855,6700;0,2531;-0,0032;4224877102;-161,6478;-215,9323
4875,8776;4875,8746;0,2649;-0,0030;4771922239;124,5416;-199,1597
4882,1434;4882,1468;0,2240;0,0034;3969339148;460,0181;193,7322
4885,4306;4885,4282;0,2958;-0,0024;4947799022;75,3721;-162,5741
4887,1939;4887,1852;0,3326;-0,0087;3853380726;-433,4099;-547,4962
4892,8589;4892,8530;0,4045;-0,0059;4794119390;-48,3338;-379,7626
4907,7318;4907,7297;0,2735;-0,0021;5031074984;127,5250;-145,4328
4909,3835;4909,3812;0,3384;-0,0023;5051590413;154,5951;-158,2744
4910,0169;4910,0167;0,2057;-0,0002;4315940732;71,9525;-27,8800
4910,3258;4910,3254;0,3152;-0,0004;4437597019;486,0674;-38,3496
4910,5648;4910,5658;0,3293;0,0010;4289324375;283,7517;44,9152
4911,7794;4911,7637;0,3704;-0,0157;4383532991;-127,2147;-973,0963
4917,23;4917,2269;0,3604;-0,0031;4893947060;281,1743;-207,4458
4918,0125;4918,0073;0,4254;-0,0052;5388650551;96,5876;-335,9025
4924,7695;4924,7713;0,1098;0,0018;2197445077;-780,3188;94,9306
4938,8138;4938,8155;0,1358;0,0017;1847126353;685,9016;88,6240
4939,2391;4939,2332;0,2723;-0,0059;4184875275;-217,0197;-374,1780
4945,6374;4945,6418;0,4053;0,0044;3539320114;358,6557;251,9931
4946,3881;4946,3918;0,1624;0,0037;3130143483;693,1454;208,1040
4950,106;4950,1057;0,2184;-0,0003;4086123685;276,9944;-34,7053
4962,5719;4962,5678;0,3701;-0,0041;4245900384;-38,6005;-265,4671
4967,8974;4967,8950;0,2940;-0,0024;3575144142;-270,3436;-159,0230
4969,9176;4969,9155;0,3023;-0,0021;3896393610;981,5031;-143,2382
4970,4958;4970,4900;0,2930;-0,0058;3175121000;-157,7510;-364,0085
4982,4999;4982,5005;0,1986;0,0006;2441864228;550,6975;19,3127
4983,2507;4983,2480;0,2330;-0,0027;2704559592;-179,4956;-179,2876
4983,8529;4983,8518;0,2107;-0,0011;2939463375;-307,0945;-82,9720
4985,2529;4985,2522;0,2521;-0,0007;4197407890;744,4583;-57,5605
4985,5473;4985,5465;0,1679;-0,0008;2455655912;-491,2409;-63,5315
4986,2226;4986,2238;0,4320;0,0012;4229843409;467,5834;57,4631
4999,1125;4999,1143;0,4941;0,0018;3498573876;729,6569;90,5558
5001,8636;5001,8617;0,2236;-0,0019;2929944596;-355,9478;-128,0535
5002,7927;5002,7920;0,2679;-0,0007;3963139509;309,5417;-61,0401
5004,0443;5004,0436;0,4370;-0,0007;3787573513;920,2163;-57,3731
5005,7123;5005,7099;0,2316;-0,0024;2790518203;170,7154;-159,2786
5022,2355;5022,2325;0,2324;-0,0030;2995402473;371,5452;-193,0968
5023,1866;5023,1758;0,4444;-0,0108;3606137697;-420,5089;-658,5016
5027,7567;5027,7541;0,3475;-0,0026;1968447240;-27,0826;-174,0092
5028,1264;5028,1212;0,2337;-0,0052;2097093493;487,0259;-325,2229
5029,6176;5029,6161;0,3353;-0,0015;4238379627;-1,6276;-103,7580
5030,7786;5030,7799;0,4547;0,0013;4519538640;347,0029;61,8654
5044,2114;5044,2206;0,2114;0,0092;2003777842;-217,8726;531,5667
5054,6426;5054,6337;0,3710;-0,0089;4594299789;-372,1400;-547,2293
5065,1927;5065,2017;0,2497;0,0090;2613425408;906,1429;515,2961
5067,1496;5067,1476;0,3148;-0,0020;4104016084;360,4789;-134,4908
5068,7658;5068,7687;0,1514;0,0029;2036480606;290,4094;157,4668
5072,6721;5072,6889;0,3116;0,0168;2574181815;728,0694;974,3403
5074,7483;5074,7532;0,2188;0,0049;3466788483;51,4096;275,6377
5076,2646;5076,2784;0,3102;0,0138;2442193899;298,1048;799,4077
5078,9748;5078,9672;0,2366;-0,0076;2673150680;57,1415;-464,7340
5080,9361;5080,9270;0,5170;-0,0091;3552203739;429,9940;-555,8905
5109,652;5109,6430;0,3015;-0,0090;3433652655;161,0015;-547,1558
5115,7781;5115,7755;0,5164;-0,0026;4320490115;519,9538;-171,6222
5131,4687;5131,4691;0,1443;0,0004;2808003489;182,3665;6,4731
5137,3822;5137,3812;0,2419;-0,0010;4267550222;208,5476;-77,2268
5139,2515;5139,2528;0,1394;0,0013;1258389445;379,3908;57,3488
5148,0428;5148,0402;0,3325;-0,0026;5017987401;400,4086;-170,4951
5159,0576;5159,0558;0,3578;-0,0018;4477349664;-140,3421;-123,1596
5187,9142;5187,9059;0,3668;-0,0083;3592522910;96,1579;-498,7349
5196,0596;5196,0544;0,3030;-0,0052;3254073427;44,2191;-314,5097
5198,7111;5198,7118;0,1188;0,0007;1524406564;901,6465;26,2647
5217,3893;5217,3890;0,2097;-0,0003;3097329489;407,8606;-33,2042
5223,1855;5223,1847;0,4326;-0,0008;3931072736;345,0757;-63,0260
5226,0661;5226,0585;0,5690;-0,0076;1715727740;-91,7942;-455,4405
5228,3767;5228,3885;0,3212;0,0118;3287271809;192,5327;662,0528
5229,8485;5229,8494;0,1936;0,0009;3006545381;78,2135;35,4395
5242,4911;5242,4929;0,2514;0,0018;3738564028;185,2142;88,9702
5243,7769;5243,7668;0,3520;-0,0101;3786021433;-802,7442;-593,3000
5253,4617;5253,4606;0,2660;-0,0011;4717625510;149,8746;-77,8942
5263,3063;5263,3076;0,1904;0,0013;2538693047;936,5649;57,8448
5263,865;5263,8569;0,3556;-0,0081;3039283431;-151,1164;-479,1119
5273,1636;5273,1634;0,2125;-0,0002;3107424927;843,4384;-27,7123
5273,3736;5273,3811;0,1634;0,0075;1683133564;-91,1558;409,6674
5284,4248;5284,3836;0,2008;-0,0412;3246385540;295,1621;-2352,7100
5288,5247;5288,5242;0,3523;-0,0005;5191996656;-240,7686;-46,3169
5298,7758;5298,7795;0,4021;0,0037;3875542899;411,7651;191,9865
5322,0408;5322,0419;0,1959;0,0011;4302352360;115,6558;46,5350
5324,179;5324,1825;0,1441;0,0035;1361584600;-558,8336;179,9214
5326,1428;5326,1419;0,4334;-0,0009;4523618708;540,7838;-69,6962
5329,9891;5329,9822;0,3754;-0,0069;4179779225;-521,1631;-405,5633
5332,8997;5332,9018;0,0968;0,0021;1712059877;172,7108;102,9943
5339,9294;5339,9301;0,1801;0,0007;2665926871;238,4801;21,7737
5349,7376;5349,7141;0,2548;-0,0235;3222802167;376,6614;-1334,7465
5364,8713;5364,8708;0,2748;-0,0005;3851054336;96,3374;-46,3885
5365,3991;5365,3966;0,2934;-0,0025;4777614775;111,7643;-155,9913
5369,9619;5369,9627;0,2388;0,0008;3274889529;213,6826;30,5571
5373,7086;5373,7075;0,4210;-0,0011;4577674108;600,3462;-77,3264
5379,574;5379,5718;0,3450;-0,0022;5066516577;25,8929;-141,8224
5383,3692;5383,3714;0,2059;0,0022;2954164768;229,5264;107,4095
5389,4792;5389,4831;0,3452;0,0039;4115565612;816,1674;202,2477
5391,4585;5391,4514;0,3428;-0,0071;3645808145;-533,6274;-411,0100
5393,1676;5393,1696;0,1782;0,0020;2617813489;535,2141;96,4910
5397,6178;5397,6105;0,4635;-0,0073;3504739290;-500,9271;-423,3983
5398,2794;5398,2773;0,3932;-0,0021;4783152828;131,4851;-131,6167
5403,8215;5403,8197;0,3744;-0,0018;4801831608;418,1886;-117,8628
5409,1336;5409,1380;0,4195;0,0044;2852430207;819,7722;225,6627
5410,9098;5410,9096;0,2735;-0,0002;3888799077;32,9532;-26,4582
5424,0682;5424,0724;0,1904;0,0042;2355837446;360,6821;213,0113
5432,9479;5432,9445;0,4097;-0,0034;4330576232;308,9845;-202,1198
5445,0424;5445,0418;0,2810;-0,0006;4321578427;-55,4755;-47,6271
5462,9595;5462,9565;0,3370;-0,0030;4266622416;-0,3175;-182,0916
5463,2762;5463,2738;0,3074;-0,0024;3406454851;206,6785;-149,5239
5464,2796;5464,2730;0,4462;-0,0066;3628128462;-452,7042;-378,1131
5466,9878;5466,9835;0,4395;-0,0043;3920439105;177,1722;-251,6899
5472,7091;5472,6903;0,2910;-0,0188;4701113357;183,4903;-1046,0048
5473,9005;5473,8978;0,3488;-0,0027;4617948472;217,7722;-166,0235
5476,2885;5476,2828;0,3728;-0,0057;3780286823;75,0734;-327,1737
5476,5642;5476,5640;0,2709;-0,0002;2944744155;444,3352;-29,8678
5483,0988;5483,0920;0,4574;-0,0068;4420448413;106,6561;-387,7946
5487,746;5487,7417;0,3165;-0,0043;3515339724;419,1981;-251,8861
5493,4988;5493,4860;0,4537;-0,0128;3238212973;-207,9886;-715,0043
5522,4465;5522,4443;0,4865;-0,0022;4861750110;200,9778;-134,0374
5525,5443;5525,5377;0,4503;-0,0066;4390200538;-106,4061;-373,6653
5543,1896;5543,1831;0,4444;-0,0065;3738645471;-347,0281;-365,6786
5543,9357;5543,9372;0,4127;0,0015;4444032974;371,3502;64,8691
5546,5058;5546,4996;0,4656;-0,0062;3800470377;-148,1986;-350,4135
5560,2116;5560,2062;0,4855;-0,0054;4809010822;46,8608;-310,2829
5562,7065;5562,7038;0,4388;-0,0027;4404528659;69,3243;-161,8706
5565,704;5565,6958;0,3503;-0,0082;4404124838;-123,8082;-456,7965
5567,3911;5567,3894;0,2594;-0,0017;3682952948;-536,9559;-109,0961
5569,6181;5569,6184;0,2119;0,0003;2561900365;397,0694;-1,3111
5572,8424;5572,8440;0,1969;0,0016;2028824482;386,7690;71,7779
5573,1024;5573,0943;0,4647;-0,0081;3924925422;-678,2196;-451,4633
5576,0888;5576,0893;0,2487;0,0005;3362782531;241,4829;7,6473
5584,7647;5584,7593;0,4384;-0,0054;4073365452;195,9705;-306,5679
5586,7559;5586,7594;0,1876;0,0035;1832996238;773,5354;170,9909
5587,574;5587,5675;0,5345;-0,0065;4192905303;-44,2091;-365,1430
5615,2966;5615,2970;0,2285;0,0004;3213838427;243,0842;2,5818
5615,6439;5615,6451;0,1726;0,0012;1399953547;904,3011;45,9566
5618,6327;5618,6254;0,4702;-0,0073;4762815849;-14,3114;-406,1015
5624,022;5624,0187;0,4943;-0,0033;4528587662;361,1927;-190,9374
5633,9465;5633,9389;0,4914;-0,0076;3621519478;-5,7187;-423,5777
5635,8226;5635,8193;0,5372;-0,0033;4030083494;307,1993;-191,4026
5636,6962;5636,6940;0,5774;-0,0022;4228295669;129,4718;-131,1897
5637,1081;5637,1080;0,5604;-0,0001;4097487280;-13,9971;-21,2465
5638,2621;5638,2506;0,3861;-0,0115;3633004511;-666,3086;-629,7973
5641,434;5641,4468;0,4144;0,0128;3286870411;-47,6773;665,6350
5645,8338;5645,8314;0,7580;-0,0024;2785006384;53,5493;-141,5271
5649,6306;5649,6456;0,5154;0,0150;2248058452;-103,2202;780,9684
5651,469;5651,4681;0,6550;-0,0009;3466729607;115,3290;-65,2176
5652,318;5652,3079;0,5928;-0,0101;3974394853;-261,1032;-551,1535
5653,8668;5653,8623;0,5441;-0,0045;4169005499;414,5392;-257,7833
5655,1765;5655,1722;0,5621;-0,0043;3808026169;194,3889;-243,6631
5655,49;5655,4855;0,4485;-0,0045;4732013997;-59,2654;-254,5733
5660,8011;5660,7913;0,6161;-0,0098;3799909083;-412,5523;-535,9830
5661,3455;5661,3442;0,6106;-0,0013;3252390024;958,3538;-84,0774
5662,5162;5662,5152;0,3294;-0,0010;3932175847;232,9994;-70,2359
5662,938;5662,9045;0,3323;-0,0335;2872721012;119,5217;-1789,9272
5678,3788;5678,3682;0,7969;-0,0106;2109349256;78,7506;-577,6960
5679,0229;5679,0205;0,5040;-0,0024;4093753768;90,9370;-144,1925
5680,2404;5680,2400;0,6682;-0,0004;3146541535;-68,8797;-36,8682
5686,5302;5686,5307;0,4356;0,0005;4145655302;370,6987;7,1187
5691,497;5691,4901;0,5280;-0,0069;4328108655;130,9545;-381,6359
5698,02;5698,0157;0,6043;-0,0043;3726545518;489,8722;-241,6086
5701,5446;5701,5493;0,2071;0,0047;2704571692;546,4718;232,4034
5702,3479;5702,3029;0,4117;-0,0450;2891297198;-619,2516;-2382,0099
5704,7337;5704,7262;0,7310;-0,0075;2894230012;397,3913;-412,6988
5705,4646;5705,4558;0,5309;-0,0088;4075633080;-44,7010;-481,4333
5709,9323;5709,9256;0,7184;-0,0067;3071168551;606,0898;-367,3925
5712,1316;5712,1274;0,3886;-0,0042;4983631761;-209,7895;-235,2092
5714,5491;5714,5338;0,8742;-0,0153;1503346723;934,3188;-819,1881
5717,8329;5717,8293;0,4491;-0,0036;4552770751;-31,6021;-207,4636
5720,8982;5720,8823;0,6976;-0,0159;2746192482;-197,9661;-849,6513
5731,7623;5731,7587;0,4554;-0,0036;4695165454;42,9919;-207,3062
5738,2277;5738,2367;0,6562;0,0090;2665038231;534,5561;453,7372
5741,8484;5741,8472;0,5619;-0,0012;4112456173;336,9949;-80,2883
5742,96;5742,9578;0,6934;-0,0022;2955403679;166,8463;-131,1232
5752,032;5752,0283;0,5132;-0,0037;4744445090;118,8474;-211,0399
5753,1227;5753,1181;0,3958;-0,0046;4779385832;-44,2669;-258,5100
5754,4026;5754,3985;0,6142;-0,0041;3663059502;441,4728;-230,3824
5759,2621;5759,2605;0,7918;-0,0016;2225251105;784,3976;-97,8727
5759,5412;5759,5271;0,7141;-0,0141;2665396042;492,1729;-748,9158
5760,3446;5760,3384;0,5457;-0,0062;4492028101;112,4772;-338,3849
5762,9922;5762,9883;0,3426;-0,0039;3671861624;-424,0518;-219,5082
5769,3228;5769,3232;0,7714;0,0004;2464007692;353,6838;6,0428
5775,0806;5775,0739;0,4332;-0,0067;4667442244;113,0711;-363,5761
5776,2244;5776,2119;0,8744;-0,0125;1828005005;-403,3401;-665,3851
5780,6001;5780,5981;0,4315;-0,0020;4901537619;743,6704;-120,9819
5783,8947;5783,8601;0,3366;-0,0346;3450202621;456,6041;-1810,5887
5784,6584;5784,6630;0,4660;0,0046;4178674687;698,9852;220,7625
5785,658;5785,7194;0,3745;0,0614;3398556212;-975,4135;3165,6090
5791,018;5790,9782;0,2406;-0,0398;2588990495;81,0785;-2078,1404
5791,5239;5791,5212;0,7783;-0,0027;1853563470;-630,9712;-156,3137
5793,9148;5793,9109;0,5613;-0,0039;4204316216;122,1010;-219,6447
5798,1714;5798,1752;0,4575;0,0038;3957141632;78,8438;178,7434
5804,035;5804,0177;0,4712;-0,0173;4208671762;222,3783;-912,6794
5804,4627;5804,4496;0,5023;-0,0131;4266364768;-518,9944;-695,5118
5805,7571;5805,7630;0,5892;0,0059;4333072288;58,5305;285,4264
5806,7249;5806,7157;0,5013;-0,0092;4247340107;-358,6878;-493,4414
5807,7838;5807,7774;0,6404;-0,0064;3583246073;276,0009;-346,0639
5809,1553;5809,2078;0,4160;0,0525;3959065161;-58,6374;2693,5892
5811,9145;5811,9062;0,7119;-0,0083;3077879759;341,4500;-446,7553
5814,0081;5813,9465;0,4090;-0,0616;4756165343;35,6704;-3191,1464
5817,0765;5817,0697;0,5706;-0,0068;3087048976;-347,9670;-366,4930
5827,8771;5827,8681;0,5760;-0,0090;4072340290;33,2669;-479,6875
5835,1008;5835,0936;0,6718;-0,0072;3659663180;724,4118;-388,4436
5835,5735;5835,5600;0,6456;-0,0135;3629398554;-604,0150;-712,8055
5837,7012;5837,6911;0,7159;-0,0101;2751151211;-58,5091;-535,9064
5838,3718;5838,3668;0,6016;-0,0050;4088097738;366,2249;-274,5434
5845,2869;5845,2830;0,8227;-0,0039;1607747808;598,3087;-215,7162
5848,0665;5848,0913;0,4812;0,0248;2988522160;254,2867;1252,9097
5849,684;5849,6740;0,6676;-0,0100;2637296328;-5,9451;-529,3312
5853,1483;5853,1487;0,4062;0,0004;4931274993;170,4525;4,9904
5853,6826;5853,6786;0,2690;-0,0040;3040506827;780,4402;-221,5403
5855,0766;5855,0736;0,6608;-0,0030;2680886535;563,2501;-168,8238
5856,088;5856,0844;0,5618;-0,0036;3673938362;311,7523;-202,2514
5858,2654;5858,2600;0,6037;-0,0054;3708968307;-180,6094;-295,4101
5858,778;5858,7733;0,6845;-0,0047;3047815276;-258,7469;-255,1421
5859,5867;5859,5848;0,4440;-0,0019;3856426813;87,6331;-115,7538
5861,1096;5861,1047;0,7196;-0,0049;2379429394;-14,1921;-268,7794
5862,3565;5862,3578;0,4074;0,0013;4000989556;439,9350;49,2463
5876,2782;5876,2724;0,7740;-0,0058;1648070920;988,0221;-312,7089
5880,0272;5880,0258;0,6959;-0,0014;1998960052;913,8927;-86,5982
5881,2801;5881,2833;0,6129;0,0032;2612983362;-513,7539;147,5073
5883,817;5883,8158;0,4003;-0,0012;4697943882;267,0845;-76,6934
5891,8786;5891,8417;0,6062;-0,0369;3272518725;-46,9017;-1892,8859
5892,4652;5892,4743;0,6805;0,0091;2276540308;-955,4863;443,8448
5898,2153;5898,2062;0,6928;-0,0091;2535595298;-401,9232;-477,9596
5902,4736;5902,4708;0,7103;-0,0028;2089117609;464,3964;-159,7232
5905,672;5905,6685;0,5295;-0,0035;3130220654;297,8685;-192,9525
5906,843;5906,8200;0,6850;-0,0230;2718996396;-188,3301;-1184,3742
5907,8634;5907,8628;0,6874;-0,0006;2277758515;95,9932;-47,2588
5916,2474;5916,2491;0,3153;0,0017;4260239573;190,0633;71,1664
5927,7891;5927,7726;0,5269;-0,0165;2727489943;906,9397;-849,9679
5929,6772;5929,6724;0,5856;-0,0048;3830264521;110,1526;-261,6938
5930,1799;5930,1830;0,4315;0,0031;3541620254;561,0838;138,8962
5934,6549;5934,6548;0,3753;-0,0001;4497521916;251,6179;-23,9089
5943,5784;5943,5804;0,4966;0,0020;4605307429;389,8880;86,2927
5949,347;5949,2872;0,2733;-0,0598;3787752819;915,5051;-3030,8065
5952,7184;5952,7176;0,4500;-0,0008;4889861011;321,1463;-55,5829
5956,6944;5956,6945;0,1513;0,0001;2845457408;643,5930;-13,6415
5963,2386;5963,2346;0,6495;-0,0040;3065455243;244,7852;-215,7991
5976,4391;5976,4491;0,7313;0,0100;2618214616;227,7708;483,5211
5976,7771;5976,7751;0,4211;-0,0020;4377248595;120,4236;-117,0391
5983,681;5983,6776;0,4755;-0,0034;4174943296;-2,3230;-186,6020
5984,8151;5984,8125;0,4664;-0,0026;3475741016;-433,9371;-146,5417
5987,0649;5987,0586;0,5070;-0,0063;3462680802;-339,5337;-334,4564
5997,6749;5997,7713;0,5527;0,0964;3298357949;-17,3596;4802,7688
5998,9385;5998,9992;0,5303;0,0607;3138477242;-808,2406;3016,2943
6003,0123;6003,0124;0,3583;0,0001;4327827615;344,7953;-10,2769
6005,5413;6005,5394;0,4322;-0,0019;4970002155;58,7846;-111,9065
6007,715;6007,6935;0,7930;-0,0215;2286695557;-34,0493;-1087,1069
6007,9601;6007,9554;0,5119;-0,0047;4421360795;175,6288;-251,5998
6012,2099;6012,2118;0,4195;0,0019;4937780096;178,9028;77,8574
6015,2443;6015,2394;0,5742;-0,0049;4862986675;52,3768;-258,7958
6018,2995;6018,3873;0,5890;0,0878;3204310029;-705,1042;4359,0656
6021,7912;6021,7908;0,2734;-0,0004;2429441356;-160,3891;-37,4803
6024,058;6024,0581;0,3792;0,0001;4043062482;258,6344;-10,8122
6027,0509;6027,0489;0,4431;-0,0020;4592566019;268,3873;-115,7685
6034,0355;6034,0273;0,8038;-0,0082;2341892219;516,0724;-424,7587
6056,0047;6056,0007;0,4808;-0,0040;4599974212;41,7653;-214,3168
6060,6243;6060,6173;0,6254;-0,0070;4061028283;318,1480;-360,6887
6062,8484;6062,8459;0,3410;-0,0025;4746390920;41,3780;-141,1497
6078,4911;6078,4898;0,4818;-0,0013;3971486846;81,7636;-81,7950
6079,0093;6079,0039;0,5824;-0,0054;3871667538;112,9677;-281,9469
6082,7106;6082,7170;0,3144;0,0064;3677041534;467,9529;300,8123
6085,259;6085,2317;0,1952;-0,0273;2711970068;524,8896;-1359,9253
6093,6444;6093,6375;0,6439;-0,0069;3561266202;113,5366;-355,1156
6094,3736;6094,3684;0,7185;-0,0052;3000270738;107,7132;-272,9564
6096,6653;6096,6627;0,5233;-0,0026;4640305861;132,6654;-145,6637
6098,2447;6098,2435;0,6900;-0,0012;2731828450;567,6491;-74,8753
6102,1777;6102,1721;0,4541;-0,0056;4057199438;189,9646;-290,3176
6105,1314;6105,1127;0,7324;-0,0187;2658282630;614,3481;-932,6289
6120,2494;6120,2435;0,3532;-0,0059;5897897516;105,0796;-304,0356
6127,9066;6127,9022;0,4865;-0,0044;4744351656;322,3992;-230,0590
6136,9947;6136,9939;0,2258;-0,0008;3680344812;51,4581;-57,4717
6147,8347;6147,8233;0,5089;-0,0114;3792832046;-415,5064;-572,6782
6151,6181;6151,6142;0,2689;-0,0039;4361791851;-145,6071;-208,3255
6157,7284;6157,7330;0,4282;0,0046;2952697422;920,7512;207,2637
6163,5445;6163,5323;0,3436;-0,0122;2897047858;-774,2322;-610,9200
6165,3603;6165,3611;0,5090;0,0008;3624876868;304,7225;23,6281
6173,3356;6173,3363;0,2628;0,0007;3458598371;790,1956;19,0806
6180,2042;6180,2013;0,3454;-0,0029;4100990435;341,9100;-156,3652
6187,9904;6187,9874;0,4770;-0,0030;3599315959;680,0582;-160,8454
6200,3129;6200,3145;0,3002;0,0016;2866755458;456,0789;61,2560
6213,4303;6213,4328;0,2455;0,0025;2798201690;268,0255;102,4352
6219,281;6219,2823;0,2344;0,0013;2393230584;140,4852;45,7813
6232,6412;6232,6409;0,3884;-0,0003;3271994976;237,1440;-30,6783
6240,6462;6240,6451;0,3384;-0,0011;3380022642;344,2504;-70,6653
6246,3188;6246,3182;0,3494;-0,0006;2964225294;817,4833;-43,2442
6254,2585;6254,2562;0,2388;-0,0023;2986206153;-115,4855;-126,1725
6256,3615;6256,3545;0,2561;-0,0070;1798984935;-471,7832;-352,7395
6265,134;6265,1359;0,2404;0,0019;2485333441;231,3467;75,2353
6270,225;6270,2293;0,4085;0,0043;3716699337;409,8475;189,6247
6290,9656;6290,9690;0,5396;0,0034;2742820103;824,8278;144,0984
6302,4936;6302,4894;0,3904;-0,0042;4317467817;-26,9713;-216,7808
6311,5003;6311,4937;0,4592;-0,0066;4793720060;103,5837;-329,8155
6315,8115;6315,8038;0,5429;-0,0077;4017025071;-98,4258;-383,4097
6318,0175;6318,0268;0,2135;0,0093;2028605320;-205,6994;422,8291
6322,6855;6322,6866;0,2744;0,0011;3619749444;16,9264;36,4661
6330,8495;6330,8400;0,6614;-0,0095;2940068072;107,8795;-465,3605
6335,3308;6335,3324;0,1919;0,0016;2358970190;74,5983;57,7648
6336,8243;6336,8215;0,3515;-0,0028;3695109415;42,8074;-149,7740
6338,8775;6338,8680;0,6435;-0,0095;3197918512;717,9314;-468,1010
6344,1491;6344,1485;0,3037;-0,0006;3418246480;-451,2257;-46,9359
6362,8763;6362,8610;0,2436;-0,0153;3288891039;539,7036;-737,8243
6380,7433;6380,7351;0,5026;-0,0082;4095304319;261,0001;-399,8308
6385,7185;6385,7118;0,7637;-0,0067;2289781102;377,5545;-329,8362
6392,5388;6392,5379;0,4453;-0,0009;4810127514;165,7806;-59,3188
6400,0012;6400,0021;0,2571;0,0009;2722754039;325,1498;26,9962
6400,318;6400,3165;0,1293;-0,0015;2916326330;5,0855;-86,1188
6408,0184;6408,0148;0,3537;-0,0036;3814156732;-21,1841;-182,9741
6411,6493;6411,6465;0,3010;-0,0028;3252721842;117,0343;-145,3244
6419,6454;6419,6332;0,7070;-0,0122;2206374769;863,0775;-588,0399
6419,9496;6419,9464;0,4698;-0,0032;3832873628;258,2589;-165,8915
6421,3508;6421,3528;0,1732;0,0020;2511384110;738,7119;74,8943
6436,4072;6436,3952;0,7701;-0,0120;2663811449;-247,4297;-576,5903
6464,6642;6464,6667;0,3856;0,0025;4516940449;309,9174;100,1682
6469,1181;6469,1449;0,4451;0,0268;2609801632;-536,7442;1224,4994
6475,6244;6475,6243;0,3133;-0,0001;4358405540;-51,8195;-22,3019
6481,8703;6481,8698;0,2706;-0,0005;3781485536;178,0116;-37,5946
6494,4999;6494,4930;0,6604;-0,0069;2498916790;883,7832;-336,9189
6495,7422;6495,7298;0,6043;-0,0124;2909057542;-280,5267;-587,9852
6496,4666;6496,4613;0,5299;-0,0053;3244911017;207,9186;-260,2319
6498,9392;6498,9379;0,1578;-0,0013;3509711918;31,9855;-75,7122
6504,1835;6504,1625;0,3619;-0,0210;4323946670;-87,8314;-985,0522
6518,3671;6518,3637;0,3397;-0,0034;4737823573;-50,0002;-171,5294
6533,9294;6533,9270;0,5976;-0,0024;3230266901;457,2091;-127,4799
6546,2395;6546,2519;0,2037;0,0124;2101127288;-8,2703;549,1693
6551,678;6551,6696;0,3868;-0,0084;4395980442;-341,2124;-402,2482
6556,788;6556,7874;0,7649;-0,0006;2545610214;856,6158;-43,7246
6569,2155;6569,2099;0,4644;-0,0056;3688942947;199,8305;-274,1646
6581,2101;6581,2044;0,3278;-0,0057;4908112651;-74,4547;-277,9782
6592,9138;6592,9144;0,2276;0,0006;2491811239;287,9134;10,6920
6593,8705;6593,8746;0,2420;0,0041;2886757407;291,0993;169,8987
6597,5611;6597,5504;0,6019;-0,0107;4064775151;76,5825;-502,6526
6604,589;6604,5857;0,4782;-0,0033;3705307963;177,6492;-168,6969
6608,026;6608,0210;0,4521;-0,0050;4521339611;-374,0147;-243,1396
6609,1103;6609,1111;0,3072;0,0008;3664668161;-82,5240;18,3237
6613,8254;6613,8139;0,3707;-0,0115;4343082840;-469,5417;-537,7609
6627,5448;6627,5422;0,6748;-0,0026;2875859015;830,8206;-135,8401
6633,7497;6633,7444;0,5199;-0,0053;4406990589;80,2435;-256,8977
6646,9318;6646,9264;0,5673;-0,0054;3969286714;-6,6986;-260,8372
6648,081;6648,0804;0,4073;-0,0006;4471217906;130,9472;-42,7979
6653,8527;6653,8448;0,7530;-0,0079;2815593434;611,6577;-371,0143
6663,4421;6663,4405;0,2561;-0,0016;3805557049;31,4748;-90,1300
6667,4191;6667,4098;0,6047;-0,0093;3963590885;59,2314;-434,4785
6667,7113;6667,7232;0,6924;0,0119;3383215438;535,5707;519,2920
6677,987;6677,9869;0,2414;-0,0001;2014995764;321,4295;-22,9668
6687,4922;6687,5380;0,5649;0,0458;2654407545;-718,0204;2038,6457
6699,1418;6699,1286;0,7714;-0,0132;2153893178;475,8375;-608,0334
6703,5674;6703,5576;0,4311;-0,0098;4213750580;-9,9509;-456,0437
6705,1024;6705,0984;0,5880;-0,0040;3332048555;127,0837;-195,4886
6710,3195;6710,3102;0,3764;-0,0093;4196426674;-106,6092;-430,4696
6713,7448;6713,7422;0,7313;-0,0026;2483593020;836,2971;-132,5352
6725,3572;6725,3429;0,6876;-0,0143;3554454658;180,2398;-656,3332
6726,6668;6726,6601;0,6195;-0,0067;3863015505;237,4270;-316,1095
6733,1513;6733,1438;0,6263;-0,0075;3025938277;194,8601;-351,2236
6739,5219;6739,5141;0,4193;-0,0078;4746691335;20,0739;-364,5986
6750,1525;6750,1539;0,2987;0,0014;3374793539;285,6459;46,7611
6783,7039;6783,6935;0,5153;-0,0104;2838674406;-796,8231;-475,7054
6786,8604;6786,8515;0,6280;-0,0089;3074944337;237,9581;-408,9405
6804,0009;6803,9978;0,6672;-0,0031;2070571572;593,1872;-153,5909
6804,2713;6804,2637;0,7747;-0,0076;1881299005;-46,9314;-352,9055
6806,8449;6806,8385;0,4432;-0,0064;4235378923;390,4680;-297,0556
6810,2628;6810,2517;0,5619;-0,0111;3782332734;-354,6431;-505,9898
6820,3719;6820,3438;0,5726;-0,0281;3075064393;-905,2383;-1252,9999
6828,5912;6828,5943;0,5605;0,0031;3672294247;459,0862;120,5984
6837,0061;6836,9983;0,7197;-0,0078;2636893100;75,5509;-358,1648
6839,8305;6839,8338;0,4362;0,0033;3909046048;312,9693;129,5325
6842,6858;6842,6837;0,5952;-0,0021;3709048007;2,9665;-109,3976
6843,656;6843,6491;0,5521;-0,0069;3727887089;-104,7993;-318,0982
6855,1621;6855,1550;0,4942;-0,0071;4195423433;-105,1866;-327,3148
6857,2503;6857,2334;0,6343;-0,0169;3387332383;-50,3883;-757,5765
6916,6815;6916,6770;0,5036;-0,0045;3783441173;259,6439;-213,4977
6945,2052;6945,2059;0,2563;0,0007;3835570846;74,9421;13,0547
6978,8516;6978,8519;0,2615;0,0003;4061432556;389,3025;-3,9230
6999,8841;6999,8813;0,5129;-0,0028;4135265211;22,9488;-136,5552
7038,2234;7038,2165;0,5028;-0,0069;4509771614;140,2463;-311,0739
7130,9221;7130,9248;0,4222;0,0027;3277686821;470,3500;97,9877
7164,4486;7164,4421;0,3926;-0,0065;3019421858;-697,9922;-290,1493
7187,318;7187,3143;0,3318;-0,0037;2966247323;-265,2023;-172,8945
7207,1116;7207,1135;0,5005;0,0019;3308363991;832,3808;61,7126
7207,388;7207,3852;0,3709;-0,0028;3783449945;-228,8099;-133,4982
7288,7385;7288,7418;0,4981;0,0033;3711817793;514,1364;117,8185
7293,0454;7293,0363;0,4879;-0,0091;4079066196;-384,2874;-391,5388
7386,3332;7386,3210;0,5294;-0,0122;3162414588;-959,6144;-510,3606
7389,3988;7389,3814;0,3742;-0,0174;3085925591;-400,6146;-724,0363
7401,6849;7401,6792;0,5924;-0,0057;4228807936;186,1762;-248,0809
7411,1544;7411,1504;0,3873;-0,0040;4134998274;-146,7228;-177,0493
7418,6674;7418,6651;0,5506;-0,0023;4221675755;282,5209;-108,0542
7430,8567;7430,8361;0,7061;-0,0206;2528849959;-215,8770;-846,4882
7440,9122;7440,9090;0,6032;-0,0032;3481477336;159,2830;-145,1441
7443,0224;7443,0107;0,6071;-0,0117;3551791096;-123,0399;-487,9910
7445,7508;7445,7451;0,3417;-0,0057;3788876133;19,2665;-245,9263
7447,3938;7447,3884;0,6919;-0,0054;2810643325;319,0694;-233,5915
7461,5206;7461,5194;0,4461;-0,0012;4660850048;16,9421;-65,1782
7473,5539;7473,5470;0,7346;-0,0069;2267850680;968,8342;-293,0361
7476,3759;7476,3656;0,7736;-0,0103;2376636667;40,4762;-429,0388
7491,6486;7491,6431;0,4847;-0,0055;4705241007;6,9661;-237,5250
7495,0674;7495,0659;0,3250;-0,0015;3613859832;-41,4103;-75,3510
7507,2663;7507,2574;0,5331;-0,0089;3651600106;-120,0119;-373,9312
7511,0205;7511,0224;0,2965;0,0019;3148099191;250,3839;59,1659
7531,1451;7531,1406;0,4327;-0,0045;4477670452;-16,0872;-193,8785
7568,8999;7568,8966;0,4620;-0,0033;4658701890;196,8370;-148,8481
7583,7882;7583,7912;0,3181;0,0030;3646195439;60,3697;101,4132
7586,0187;7586,0164;0,3645;-0,0023;4382511506;234,4546;-107,2507
7650,945;7650,9417;0,4967;-0,0033;4248843938;117,9616;-147,6627
7653,7596;7653,7256;0,4862;-0,0340;2636107545;-574,7461;-1349,6253
7661,1974;7661,1953;0,4677;-0,0021;4156587105;256,2726;-97,9280
7710,3645;7710,3639;0,5087;-0,0006;3783489547;299,6327;-38,5482
7719,0486;7719,0398;0,7244;-0,0088;2547608305;2,2674;-358,7789
7723,208;7723,2053;0,3764;-0,0027;4729135933;217,7177;-120,6233
7742,7047;7742,7074;0,6344;0,0027;2873086902;216,6616;86,3449
7748,2694;7748,2742;0,3086;0,0048;2824710577;-208,0813;168,0645
7780,5573;7780,5520;0,3942;-0,0053;4323889926;-7,6025;-220,7216
7807,9091;7807,9059;0,6120;-0,0032;3249805601;112,2123;-137,9222
7832,1968;7832,1944;0,3848;-0,0024;4067558177;246,8464;-107,9387
7869,6106;7869,6036;0,6845;-0,0070;3129258274;638,5899;-282,5360
7912,867;7912,8659;0,1903;-0,0011;3232791523;347,9274;-56,7712
7937,1406;7937,1386;0,3639;-0,0020;3789771264;83,7767;-91,4503
7941,0892;7941,0819;0,4719;-0,0073;4652706950;123,7706;-290,9759
7954,9345;7954,9277;0,6891;-0,0068;3407834463;-150,4192;-271,9797
7998,9458;7998,9447;0,3767;-0,0011;3910316133;176,3098;-57,7952
8027,9418;8027,9228;0,5507;-0,0190;3042823695;-984,9807;-725,9911
8028,3145;8028,3081;0,5290;-0,0064;4211166504;113,4554;-257,2221
8046,0479;8046,0454;0,3951;-0,0025;4127995528;97,7191;-108,3859
8047,6185;8047,6182;0,1700;-0,0003;2803156868;204,0832;-26,5938
8072,1647;8072,1565;0,5497;-0,0082;3911810237;250,7593;-320,4860
8075,1509;8075,1486;0,2176;-0,0023;3747691431;433,0158;-101,8100
8080,5475;8080,5316;0,5251;-0,0159;3002396669;282,5438;-604,7604
8085,1723;8085,1640;0,3894;-0,0083;3625600283;-862,7424;-325,2780
8096,8755;8096,8550;0,5970;-0,0205;2821481560;-627,5596;-775,6229
8108,3212;8108,3033;0,5698;-0,0179;3392287483;-123,6475;-678,4375
8112,1635;8112,1545;0,5705;-0,0090;3734989110;-130,8530;-349,3829
8204,103;8204,0908;0,3711;-0,0122;4455293051;274,8494;-462,5031
8204,9372;8204,9351;0,3155;-0,0021;4820149214;139,4357;-94,9043
8207,7429;8207,7405;0,5554;-0,0024;3937491059;204,0217;-105,8534
8220,379;8220,3809;0,3252;0,0019;3287592341;165,7643;54,2256
8232,3178;8232,3092;0,5144;-0,0086;3542599790;-278,7495;-329,2791
8239,1281;8239,1419;0,2308;0,0138;5252244445;-20,3199;484,4175
8248,1309;8248,1262;0,5547;-0,0047;3829776282;69,5516;-186,7083
8275,8921;8275,9146;0,2046;0,0225;4878088791;-790,0416;799,3028
8331,9157;8331,9167;0,3909;0,0010;4152556705;-15,0878;20,0715
8339,4039;8339,4019;0,4834;-0,0020;4120194175;49,3382;-88,0254
8360,7956;8360,7813;0,5772;-0,0143;3212921111;-402,0679;-529,7389
8365,6336;8365,6389;0,4249;0,0053;3537657326;835,3581;173,2915
8401,4;8401,3981;0,4726;-0,0019;4884049857;253,4999;-83,3812
8526,669;8526,6656;0,6272;-0,0034;3581329676;417,2858;-135,2937
8582,2574;8582,2643;0,4004;0,0069;3335096134;173,3730;222,7223
8598,8302;8598,8269;0,6069;-0,0033;3640171645;212,3573;-131,2863
8611,804;8611,8018;0,3183;-0,0022;3500133560;-184,5953;-94,6193
8616,2796;8616,2736;0,6946;-0,0060;3258033358;239,0859;-224,2545
8621,6007;8621,6051;0,4030;0,0044;3616304329;171,7320;137,2082
8674,7465;8674,7470;0,3166;0,0005;3362039249;104,7872;-0,2882
8699,454;8699,4467;0,6096;-0,0073;3346996942;-33,9862;-269,0843
8710,3915;8710,3878;0,5751;-0,0037;3229124431;-205,4049;-145,6939
8713,2034;8713,1899;0,5189;-0,0135;3903668919;169,2515;-481,1293
8757,1876;8757,1856;0,3337;-0,0020;3639266512;-4,0266;-86,2563
8763,9664;8763,9624;0,4813;-0,0040;4430069898;31,2964;-152,2365
8793,3438;8793,3384;0,4605;-0,0054;4489615397;3,1943;-202,4453
8804,6258;8804,6254;0,3687;-0,0004;4088597403;119,8760;-28,9827
8838,429;8838,4269;0,3386;-0,0021;3701375942;99,1157;-86,3256
8866,9329;8866,9301;0,4292;-0,0028;4076757533;101,1560;-111,7265
8868,429;8868,4330;0,4685;0,0040;3871805653;197,0987;118,2142
8943,0639;8943,0555;0,4999;-0,0084;3334424490;-335,4467;-297,6870
9010,5946;9010,5982;0,4191;0,0036;3883545797;876,4310;101,9848
9012,0745;9012,0704;0,5622;-0,0041;3692979077;116,6843;-154,0173
9013,9776;9013,9755;0,4743;-0,0021;4589551248;124,1511;-85,3236
9078,5716;9078,5427;0,3384;-0,0289;6432067405;188,7356;-972,0648
9089,4044;9089,4439;0,2369;0,0395;3880811240;-636,1750;1286,1734
9100,6748;9100,6566;0,6312;-0,0182;3416280106;-613,3288;-616,6010
9117,1327;9117,1410;0,0669;0,0083;5926000456;-97,0186;254,8172
